Tennessee,6770010
Anderson County,76482
Bedford County,49038
Benton County,16184
Bledsoe County,14755
Blount County,131349
Bradley County,106727
Campbell County,39583
Cannon County,14462
Carroll County,28020
Carter County,56351
Cheatham County,40439
Chester County,17276
Claiborne County,31756
Clay County,7717
Cocke County,35774
Coffee County,55700
Crockett County,14328
Cumberland County,59673
Davidson County,692587
Decatur County,11706
DeKalb County,20138
Dickson County,53446
Dyer County,37320
Fayette County,40507
Fentress County,18217
Franklin County,41890
Gibson County,49045
Giles County,29503
Grainger County,23145
Greene County,69087
Grundy County,13346
Hamblen County,64569
Hamilton County,364286
Hancock County,6549
Hardeman County,25220
Hardin County,25776
Hawkins County,56530
Haywood County,17335
Henderson County,27847
Henry County,32358
Hickman County,25063
Houston County,8263
Humphreys County,18486
Jackson County,11758
Jefferson County,54012
Johnson County,17778
Knox County,465289
Lake County,7411
Lauderdale County,25825
Lawrence County,43734
Lewis County,12086
Lincoln County,34117
Loudon County,53054
McMinn County,53285
McNairy County,25832
Macon County,24265
Madison County,97605
Marion County,28575
Marshall County,33683
Maury County,94340
Meigs County,12306
Monroe County,46357
Montgomery County,205950
Moore County,6411
Morgan County,21579
Obion County,30267
Overton County,22068
Perry County,8064
Pickett County,5082
Polk County,16898
Putnam County,78843
Rhea County,33044
Roane County,53140
Robertson County,71012
Rutherford County,324890
Scott County,22039
Sequatchie County,14876
Sevier County,97892
Shelby County,935764
Smith County,19942
Stewart County,13561
Sullivan County,157668
Sumner County,187149
Tipton County,61581
Trousdale County,11012
Unicoi County,17761
Union County,19688
Van Buren County,5765
Warren County,40878
Washington County,128607
Wayne County,16558
Weakley County,33415
White County,27107
Williamson County,231729
Wilson County,140625
